year,A_baseline_resources_produced,B_auto_only_resources_produced,C_tb_full_resources_produced,D_tb_stress_resources_produced,A_baseline_money_supply,B_auto_only_money_supply,C_tb_full_money_supply,D_tb_stress_money_supply,A_baseline_inflation_pct,B_auto_only_inflation_pct,C_tb_full_inflation_pct,D_tb_stress_inflation_pct,A_baseline_real_rate_pct,B_auto_only_real_rate_pct,C_tb_full_real_rate_pct,D_tb_stress_real_rate_pct,A_baseline_gini,B_auto_only_gini,C_tb_full_gini,D_tb_stress_gini,A_baseline_employment_rate_pct,B_auto_only_employment_rate_pct,C_tb_full_employment_rate_pct,D_tb_stress_employment_rate_pct,A_baseline_welfare_spend,B_auto_only_welfare_spend,C_tb_full_welfare_spend,D_tb_stress_welfare_spend,A_baseline_productivity,B_auto_only_productivity,C_tb_full_productivity,D_tb_stress_productivity,A_baseline_cumulative_debt,B_auto_only_cumulative_debt,C_tb_full_cumulative_debt,D_tb_stress_cumulative_debt,C_tb_tb_pool_size,D_tb_tb_pool_size,C_tb_tb_issued,D_tb_tb_issued,C_tb_tb_repayments,D_tb_tb_repayments,C_tb_automation_tax,D_tb_automation_tax,C_tb_tb_active_borrowers,D_tb_tb_active_borrowers
0,5000.0,5000.0,5000.0,5000.0,5000.0,5000.0,5000.0,5000.0,2.0,2.0,2.0,2.0,2.5,2.5,2.5,2.5,0.35,0.35,0.35,0.35,70.2,70.2,70.2,70.2,600.0,600.0,600.0,600.0,250.0,250.0,250.0,250.0,0.0,0.0,0.0,0.0,112.5,112.5,16.88,16.88,0.0,0.0,37.5,37.5,4,4
1,5188.11,5213.41,5229.24,5229.24,5256.43,5257.75,5261.59,5261.59,1.234,1.047,0.953,0.953,3.411,3.645,3.772,3.772,0.3504,0.3504,0.3491,0.3491,70.227,70.227,70.227,70.227,622.57,625.61,627.51,627.51,254.65,255.9,258.71,258.71,0.0,0.0,0.0,0.0,132.48,132.48,21.93,21.93,4.91,4.91,56.11,56.11,4,4
2,5383.7,5436.33,5470.99,5470.99,5523.02,5527.11,5534.03,5534.03,1.209,1.032,0.917,0.917,3.957,4.295,4.518,4.518,0.3508,0.3508,0.3481,0.3481,70.254,70.254,70.254,70.254,646.04,652.36,656.52,656.52,259.36,261.9,267.85,267.85,0.0,0.0,0.0,0.0,152.35,152.35,27.02,27.02,9.85,9.85,77.11,77.11,4,4
3,5587.08,5669.2,5726.22,5723.41,5800.18,5808.58,5821.55,5821.4,1.185,1.017,0.907,0.935,4.777,5.265,5.433,5.41,0.3512,0.3512,0.3471,0.3471,70.281,70.281,70.281,70.281,670.45,680.3,687.15,686.81,264.13,268.0,277.47,277.47,0.0,0.0,0.0,0.0,177.44,177.44,32.14,32.14,14.82,14.82,100.81,100.81,4,4
4,5798.58,5912.5,5996.02,5993.08,6088.34,6102.73,6121.36,6121.06,1.163,1.003,0.871,0.87,5.585,5.945,6.098,6.102,0.3516,0.3516,0.3462,0.3462,70.309,70.309,70.309,70.309,695.83,709.5,719.52,719.17,268.96,274.21,287.62,287.62,0.0,0.0,0.0,0.0,203.03,203.03,37.3,37.3,19.83,19.83,127.55,127.55,4,4
5,6018.54,6166.7,6281.62,6278.54,6387.95,6410.11,6436.07,6435.6,1.141,0.989,0.847,0.846,6.154,6.423,6.558,6.561,0.352,0.352,0.3452,0.3452,70.336,70.336,70.336,70.336,722.22,740.0,753.79,753.43,273.85,280.53,298.35,298.35,0.0,0.0,0.0,0.0,232.04,232.04,42.48,42.48,24.86,24.86,157.73,157.73,4,4
6,6247.32,6432.32,6584.4,6581.18,6699.46,6731.34,6768.38,6767.75,1.121,0.976,0.834,0.833,6.554,6.759,6.875,6.877,0.3523,0.3523,0.3442,0.3442,70.364,70.364,70.364,70.364,749.68,771.88,790.13,789.74,278.81,286.96,309.72,309.72,0.0,0.0,0.0,0.0,267.51,267.51,47.71,47.71,29.93,29.93,191.78,191.78,4,4
7,6485.29,6709.9,6905.96,6902.58,7023.36,7067.03,7115.67,7114.86,1.101,0.963,0.796,0.795,6.836,6.995,7.119,7.121,0.3527,0.3527,0.3432,0.3432,70.392,70.392,70.392,70.392,778.23,805.19,828.71,828.31,283.83,293.5,321.81,321.81,0.0,0.0,0.0,0.0,304.76,304.76,52.96,52.96,35.04,35.04,230.2,230.2,4,4
8,6732.84,6999.99,7248.08,7244.53,7360.15,7417.84,7482.66,7481.66,1.083,0.951,0.779,0.778,7.036,7.163,7.279,7.28,0.3531,0.3531,0.3421,0.3421,70.419,70.419,70.419,70.419,807.94,840.0,869.77,869.34,288.92,300.15,334.68,334.68,0.0,0.0,0.0,0.0,349.55,349.55,58.25,58.25,40.17,40.17,273.55,273.55,4,4
9,6990.39,7303.19,7612.84,7609.11,7710.36,7784.47,7866.86,7865.67,1.065,0.94,0.739,0.738,7.178,7.281,7.412,7.413,0.3534,0.3534,0.3411,0.3411,70.447,70.447,70.447,70.447,838.85,876.38,913.54,913.09,294.07,306.91,348.44,348.44,0.0,0.0,0.0,0.0,397.28,397.28,63.57,63.57,45.34,45.34,322.47,322.47,4,4
10,7258.35,7620.12,8002.61,7998.69,8074.52,8167.63,8271.43,8270.04,1.048,0.928,0.708,0.707,7.279,7.365,7.504,7.505,0.3538,0.3538,0.34,0.34,70.475,70.475,70.475,70.475,871.0,914.41,960.31,959.84,299.29,313.79,363.18,363.18,0.0,0.0,21.11,20.73,451.28,451.28,68.93,68.93,50.54,50.54,377.67,377.67,4,4
11,7537.17,7951.43,8420.09,8415.97,8453.21,8568.07,8699.54,8697.93,1.032,0.918,0.683,0.683,7.352,7.425,7.569,7.569,0.3541,0.3541,0.339,0.339,70.504,70.504,70.504,70.504,904.46,954.17,1010.41,1009.92,304.57,320.79,379.0,379.0,0.0,14.29,79.03,78.26,515.03,515.03,74.32,74.32,55.78,55.78,439.96,439.96,4,4
12,7827.33,8297.74,8868.46,8864.13,8847.03,8986.47,9149.07,9147.23,1.017,0.907,0.637,0.637,7.404,7.47,7.636,7.637,0.3544,0.3544,0.3379,0.3379,70.532,70.532,70.532,70.532,939.28,995.73,1064.22,1063.7,309.92,327.91,396.05,396.05,0.0,58.64,176.72,175.52,584.11,584.11,79.75,79.75,61.04,61.04,510.24,510.24,4,4
13,8129.3,8659.77,9353.5,9348.92,9256.59,9423.62,9632.48,9630.4,1.002,0.897,0.628,0.628,7.443,7.503,7.66,7.661,0.3548,0.3548,0.3368,0.3368,70.56,70.56,70.56,70.56,975.52,1039.17,1122.42,1121.87,315.34,335.15,414.45,414.45,24.53,134.52,324.48,322.84,664.9,664.9,85.21,85.21,66.35,66.35,589.55,589.55,4,4
14,8443.52,9040.22,9877.76,9872.93,9682.37,9887.33,10141.28,10138.95,0.988,0.909,0.574,0.574,7.473,7.51,7.718,7.718,0.3551,0.3551,0.3357,0.3357,70.589,70.589,70.589,70.589,1013.22,1084.83,1185.33,1184.75,320.83,342.51,434.36,434.36,75.91,250.53,519.3,517.19,753.16,753.16,90.71,90.71,71.68,71.68,679.04,679.04,4,4
15,8770.54,9438.07,10446.44,10441.34,10125.07,10371.68,10679.68,10677.08,0.974,0.897,0.525,0.524,7.496,7.534,7.763,7.764,0.3554,0.3554,0.3345,0.3345,70.618,70.618,70.618,70.618,1052.46,1132.57,1253.57,1252.96,326.39,350.0,455.97,455.97,155.33,401.49,765.43,762.82,852.91,852.91,96.24,96.24,77.05,77.05,780.02,780.02,4,4
16,9112.9,9854.16,11065.72,11060.31,10592.42,10877.64,11252.26,11249.39,0.981,0.886,0.479,0.478,7.498,7.553,7.801,7.801,0.3557,0.3557,0.3334,0.3334,70.646,70.646,70.646,70.646,1093.55,1182.5,1327.89,1327.24,332.02,357.61,479.49,479.49,271.21,589.11,1067.7,1064.57,968.36,968.36,101.81,101.81,82.46,82.46,893.97,893.97,4,4
17,9469.34,10289.35,11742.92,11737.18,11078.25,11406.19,11858.22,11855.04,0.966,0.876,0.413,0.412,7.518,7.569,7.853,7.853,0.356,0.356,0.3322,0.3322,70.675,70.675,70.675,70.675,1136.32,1234.72,1409.15,1408.46,337.72,365.36,505.12,505.12,417.92,815.21,1431.68,1428.0,1095.68,1095.68,107.41,107.41,87.9,87.9,1022.54,1022.54,4,4
18,9840.45,10744.55,12486.86,12469.22,11583.32,11958.39,12504.93,12500.82,0.952,0.866,0.355,0.407,7.534,7.582,7.892,7.848,0.3563,0.3563,0.3311,0.3311,70.704,70.704,70.704,70.704,1180.85,1289.35,1498.42,1496.31,343.49,373.24,533.15,533.15,596.86,1081.66,1863.78,1858.39,1242.29,1242.29,113.05,113.05,93.37,93.37,1167.61,1167.61,4,4
19,10226.87,11220.73,13308.16,13289.36,12108.43,12535.34,13192.54,13187.45,0.939,0.856,0.278,0.275,7.548,7.594,7.947,7.954,0.3566,0.3566,0.3299,0.3299,70.733,70.733,70.733,70.733,1227.22,1346.49,1596.98,1594.72,349.34,381.25,563.85,563.85,809.45,1390.45,2371.44,2364.23,1404.72,1404.72,118.72,118.72,98.89,98.89,1331.31,1331.31,4,4
20,10629.26,11718.89,14219.69,14199.61,12654.42,13138.19,13927.76,13921.62,0.927,0.847,0.2,0.198,7.56,7.604,7.998,8.004,0.3568,0.3568,0.3287,0.3287,70.763,70.763,70.763,70.763,1275.51,1406.27,1706.36,1703.95,355.26,389.39,597.55,597.55,1057.18,1743.67,2963.33,2954.17,1588.16,1588.16,124.44,124.44,104.43,104.43,1516.03,1516.03,4,4
21,11048.33,12240.09,15237.19,15215.67,13222.17,13768.14,14718.13,14710.86,0.915,0.838,0.12,0.118,7.571,7.613,8.049,8.053,0.3571,0.3571,0.3275,0.3275,70.792,70.792,70.792,70.792,1325.8,1468.81,1828.46,1825.88,361.26,397.67,634.62,634.62,1341.63,2143.47,3649.66,3638.42,1798.15,1798.15,130.18,130.18,110.01,110.01,1724.46,1724.46,4,4
22,11484.8,12785.44,16375.32,16352.19,13812.58,14426.47,15566.01,15557.54,0.903,0.83,0.03,0.028,7.581,7.621,8.105,8.108,0.3574,0.3574,0.3262,0.3262,70.822,70.822,70.822,70.822,1378.18,1534.25,1965.04,1962.26,367.33,406.1,675.18,675.18,1664.42,2592.17,4442.05,4428.57,2029.6,2029.6,135.97,135.97,115.63,115.63,1957.2,1957.2,4,4
23,11939.42,13356.12,17631.3,17606.4,14426.61,15114.5,16481.61,16471.82,0.892,0.822,-0.001,-0.003,7.59,7.629,8.11,8.112,0.3576,0.3576,0.325,0.325,70.851,70.851,70.851,70.851,1432.73,1602.73,2115.76,2112.77,373.48,414.66,718.21,718.21,2027.26,3092.15,5351.86,5335.97,2279.2,2279.2,141.79,141.79,121.28,121.28,2205.22,2205.22,4,4
24,12413.0,13953.33,19021.21,18994.35,15065.24,15833.63,17467.91,17456.72,0.882,0.814,-0.044,-0.046,7.599,7.637,8.129,8.131,0.3579,0.3579,0.3237,0.3237,70.881,70.881,70.881,70.881,1489.56,1674.4,2282.55,2279.32,379.7,423.37,763.85,763.85,2431.94,3645.93,6391.99,6373.51,2542.2,2542.2,147.65,147.65,126.97,126.97,2469.52,2469.52,4,4
25,12906.37,14578.39,20520.8,20491.84,15729.53,16585.32,18521.54,18508.85,0.872,0.807,-0.026,-0.028,7.608,7.644,8.163,8.164,0.3581,0.3581,0.3225,0.3225,70.911,70.911,70.911,70.911,1548.76,1749.41,2462.5,2459.02,386.0,432.23,810.7,810.7,2880.31,4256.15,7573.01,7551.72,2809.31,2809.31,153.55,153.55,132.7,132.7,2737.95,2737.95,4,4
